Voornaam;Achternaam;Email;V1;V2;V3
ivojongmans@gmail.com;Jongmans;ivojongmans@gmail.com;1;2;3
ivojongmans@gmail.com;Jongmans;ivojongmans@gmail.com;1;2;3
ivojongmans@gmail.com;Jongmans;ivojongmans@gmail.com;1;2;3
ivojongmans@gmail.com;Jongmans;ivojongmans@gmail.com;1;2;3
ivojongmans@gmail.com;Jongmans;ivojongmans@gmail.com;1;2;3
ivojongmans@gmail.com;Jongmans;ivojongmans@gmail.com;1;2;3
ivojongmans@gmail.com;Jongmans;ivojongmans@gmail.com;1;2;3
ivojongmans@gmail.com;Jongmans;ivojongmans@gmail.com;1;2;3
ivojongmans@gmail.com;Jongmans;ivojongmans@gmail.com;1;2;3
ivojongmans@gmail.com;Jongmans;ivojongmans@gmail.com;1;2;3
ivojongmans@gmail.com;Jongmans;ivojongmans@gmail.com;1;2;3
ivojongmans@gmail.com;Jongmans;ivojongmans@gmail.com;1;2;3
ivojongmans@gmail.com;Jongmans;ivojongmans@gmail.com;1;2;3
ivojongmans@gmail.com;Jongmans;ivojongmans@gmail.com;1;2;3
ivojongmans@gmail.com;Jongmans;ivojongmans@gmail.com;1;2;3
ivojongmans@gmail.com;Jongmans;ivojongmans@gmail.com;1;2;3
ivojongmans@gmail.com;Jongmans;ivojongmans@gmail.com;1;2;3
ivojongmans@gmail.com;Jongmans;ivojongmans@gmail.com;1;2;3
ivojongmans@gmail.com;Jongmans;ivojongmans@gmail.com;1;2;3
ivojongmans@gmail.com;Jongmans;ivojongmans@gmail.com;1;2;3
ivojongmans@gmail.com;Jongmans;ivojongmans@gmail.com;1;2;3
ivojongmans@gmail.com;Jongmans;ivojongmans@gmail.com;1;2;3
ivojongmans@gmail.com;Jongmans;ivojongmans@gmail.com;1;2;3
ivojongmans@gmail.com;Jongmans;ivojongmans@gmail.com;1;2;3
ivojongmans@gmail.com;Jongmans;ivojongmans@gmail.com;1;2;3
ivojongmans@gmail.com;Jongmans;ivojongmans@gmail.com;1;2;3
ivojongmans@gmail.com;Jongmans;ivojongmans@gmail.com;1;2;3
ivojongmans@gmail.com;Jongmans;ivojongmans@gmail.com;1;2;3
ivojongmans@gmail.com;Jongmans;ivojongmans@gmail.com;1;2;3
ivojongmans@gmail.com;Jongmans;ivojongmans@gmail.com;1;2;3
ivojongmans@gmail.com;Jongmans;ivojongmans@gmail.com;1;2;3
ivojongmans@gmail.com;Jongmans;ivojongmans@gmail.com;1;2;3
ivojongmans@gmail.com;Jongmans;ivojongmans@gmail.com;1;2;3
ivojongmans@gmail.com;Jongmans;ivojongmans@gmail.com;1;2;3
ivojongmans@gmail.com;Jongmans;ivojongmans@gmail.com;1;2;3
ivojongmans@gmail.com;Jongmans;ivojongmans@gmail.com;1;2;3
ivojongmans@gmail.com;Jongmans;ivojongmans@gmail.com;1;2;3
ivojongmans@gmail.com;Jongmans;ivojongmans@gmail.com;1;2;3
ivojongmans@gmail.com;Jongmans;ivojongmans@gmail.com;1;2;3
ivojongmans@gmail.com;Jongmans;ivojongmans@gmail.com;1;2;3
ivojongmans@gmail.com;Jongmans;ivojongmans@gmail.com;1;2;3
ivojongmans@gmail.com;Jongmans;ivojongmans@gmail.com;1;2;3
ivojongmans@gmail.com;Jongmans;ivojongmans@gmail.com;1;2;3
ivojongmans@gmail.com;Jongmans;ivojongmans@gmail.com;1;2;3
